FirstName,LastName,MobileNumber,Email,Bday,Password
Morgan,Andrews,9317822798,cowib28839@drlatvia.com,4/26/1949,7jwD7pqQ
Kayleigh,Gardner,9317822731,yalahe2575@macauvpn.com,12/1/1944,McH76wry
Sarah,Black,9317822725,losif92535@macauvpn.com,5/26/1975,96h8w2EG
Kai,Wilson,9317822743,yalolel453@macauvpn.com,12/15/1969,Dw6ltNyY
Lucas,Howells,9317822853,rajasac381@macauvpn.com,5/6/1945,St2td4PE
Louise,Franklin,9317822975,jopov90822@enamelme.com,7/31/1947,J1ID58f3
Tyler,Spencer,9317822894,henejax180@macauvpn.com,8/1/2000,RqI1XOmu
Sofia,Parsons,9633391074,hetisan817@drlatvia.com,5/19/1989,RFnm66l3
Billy,Griffin,9633667819,dibef67073@enamelme.com,12/31/1953,6QJuSq6Q
Aimee,Jarvis,9633667810,dibef67073@enamelme.com,8/20/1974,3YDndIBY
Nicole,Stewart,9633667968,yokemiv232@macauvpn.com,10/29/1963,m5XjC8ky
Zachary,Lord,9152525974,kotep12643@drlatvia.com,2/21/1990,mzAQ8GHd
Louise,Gordon,9152527368,yekawa1424@enamelme.com,2/24/1938,4DsHuvKt
Jonathan,Bell,9632707710,degen13721@macauvpn.com,1/20/1961,LiNYa2bi
Luca,Rhodes,9632708030,jalete7228@macauvpn.com,7/9/1945,Du4o5KUy
Eve,Hartley,9661768045,bamiy27826@drlatvia.com,3/13/1962,3cVJmx9K
Joe,Miles,9632707680,kacagi1462@drlatvia.com,1/16/1972,ztaO3ZbZ
Imogen,Wilson,9551702544,hehax96026@enamelme.com,5/29/1968,Rys9AoUq
Georgia,Cartwright,9555615339,yavoco5678@enamelme.com,3/8/1956,DkUG2Lyx
Maisie,Austin,9633667775,tivota8979@enamelme.com,6/2/1993,MJJ8t568
Alexander,Burgess,9678416973,litirel579@macauvpn.com,6/14/1944,5FG6IeQA
Sienna,Holden,9755426871,bitobo5507@enamelme.com,12/17/1972,2pQL4EH4
Amber,Joyce,9664706948,taxed73568@drlatvia.com,5/4/1968,yIL9s7ta
Mollie,Hewitt,9274371624,hefog54724@macauvpn.com,2/19/1950,ESrJ7xb6
Jayden,Baker,9511331390,sokey33097@enamelme.com,6/8/1963,EdESRe0f
Jamie,Morgan,9511331387,vabepog229@enpaypal.com,9/13/1936,2PPnafKx
Chelsea,Roberts,9511331388,malede8535@enpaypal.com,12/3/1964,09mUAxQr
Dylan,May,9511331389,sarita1544@drlatvia.com,2/27/1998,JrQz2fy3
Matthew,Hicks,9516927837,riwofov261@macauvpn.com,9/18/1965,fsO8RAdB
Joe,Black,9516927838,kahes24252@enpaypal.com,1/28/1944,28Q4dkMh
Archie,Burrows,9516927841,fitofa9573@macauvpn.com,4/2/1995,t3yHd3zc
Leah,Reid,9516927836,sesahaf810@drlatvia.com,4/12/1946,0J5Wo358
Freya,Wall,9516927840,wegehog287@macauvpn.com,12/29/1984,Ry33OOsX
Georgia,Pickering,9516927839,givigim180@enpaypal.com,10/3/1959,nD68fkXZ
Muhammad,Chan,9334127927,likirij153@enpaypal.com,9/5/1941,6NFWaCjb
Freddie,Hunter,9262751459,neyeh70832@drlatvia.com,4/15/1998,qLgl4bVS
Connor,Myers,9262751461,vifoja4501@drlatvia.com,2/22/1985,Hbm07yiJ
Shannon,Freeman,9264178141,wikipon667@enamelme.com,6/15/1943,e62Q0J2Q
Max,Arnold,9264177901,wimex83725@enpaypal.com,1/19/1941,1XNzV2aO
Ellis,Hussain,9264178052,janexor144@macauvpn.com,8/14/1954,SbRRFM1o
Spencer,Newman,9264177898,viras67216@enpaypal.com,4/14/1946,i8mc3AcQ
Megan,Atkins,9262751468,coxeya5048@macauvpn.com,7/8/1989,PNKKEh6V
Jodie,Hicks,9264178045,mejebo5993@drlatvia.com,6/23/1959,jAm10Ccr
Benjamin,Armstrong,9264177886,wamib66330@enpaypal.com,11/11/1964,C5jGN1wd
Connor,Jennings,9264178043,telagi7931@drlatvia.com,7/3/1987,9LLBoI3i
Hannah,Wells,9264177889,mitor53576@enpaypal.com,6/14/1956,cF6jyw16
Nathan,Mann,9264158531,kayoy49150@macauvpn.com,11/2/1983,Iy7XISan
Poppy,Atkinson,9264178145,joyayec773@enamelme.com,6/7/1980,DAu8sbZ2
Harry,Kerr,9262751464,doniki8952@enamelme.com,3/26/1956,5ykhC2YL
Jude,Hardy,9264158527,wevaxaw548@enpaypal.com,3/28/1997,z8ECx21E
Eva,Godfrey,9264158526,felana1452@enamelme.com,9/12/1989,1bTUwPmn
Jamie,Holmes,9264178144,bonojo9011@enamelme.com,3/2/1962,Z11FMdY3
Natasha,Simpson,9323662653,yaxar45798@macauvpn.com,2/19/2001,Lcv0F9Eg
Lauren,Davidson,9323662672,pegepi2832@enpaypal.com,8/13/1970,KkskrL13
Jay,Connor,9323702308,hiviho8161@drlatvia.com,6/6/1984,338nTzRq
Katherine,Dobson,9323702339,cifeb26219@enamelme.com,9/21/1966,nQhM6dxM
Brooke,Brady,9323662673,poceko9827@enamelme.com,5/12/1944,ka49tFVg
Courtney,Graham,9323702249,wexeg36883@enamelme.com,11/3/1953,RTu8s7CC
Edward,Roberts,9321892405,delawi2481@macauvpn.com,3/28/1958,ZFJutR4x
Dominic,Hope,9983136356,danipa7163@drlatvia.com,3/14/1970,maBX8FeH
Amelie,Stone,9983136348,nawepa2423@enamelme.com,8/15/1978,8gjL9LI1
Daniel,Fletcher,9321892696,cibov69453@macauvpn.com,2/3/1940,hPJkvf4H
Georgia,Hart,9560143288,takiv43630@macauvpn.com,8/7/1967,l0BsOI6H
Niamh,Collins,9321892399,nonem12369@enamelme.com,5/7/1968,30Y3MtZz
James,Dyer,9317805090,kaxom12996@enpaypal.com,1/16/1982,k15I71ry
Megan,Butcher,9317822798,jekixof940@macauvpn.com,12/10/1986,a36KDlY4
Ben,Greenwood,9950194894,hexenig534@enpaypal.com,2/15/1994,2qNmyn4j
Riley,Marsh,9317822853,ramayin734@enamelme.com,7/23/1989,Y9hKFiur
Eve,Fry,9664706978,howohod864@macauvpn.com,5/16/1952,29tFDZ2i
Leo,Wilkins,9323662653,xobeh87173@drlatvia.com,9/20/1998,vN75GWuP
Francesca,Bradley,9983278468,jenaja5095@enpaypal.com,12/31/1950,ISVJ3tk2
Lola,Watson,9298385006,vekev69447@macauvpn.com,5/19/1991,3xLNpvrq
Rachel,Riley,9317822743,docavev252@macauvpn.com,8/15/1967,1nNmAh8V
Jake,Goodwin,9632707710,redaco5824@drlatvia.com,9/7/1999,4ZpmkLT8
Reece,Kennedy,9950194890,cijoji8011@drlatvia.com,11/25/1963,Jms8S5yC
Madeleine,Gilbert,9950192881,lalifiy899@enamelme.com,11/19/1982,IMKukz4r
Gracie,Davey,9983278188,yohoh34306@macauvpn.com,9/8/1954,FXZx5Rqg
Eva,Dean,9983275947,lejaci9453@drlatvia.com,9/3/1936,mEjZ6t4X
Francesca,Campbell,9983272952,dolasi9224@enamelme.com,8/3/1936,4K4qOZ3r
Sean,King,9983273121,cemera6680@macauvpn.com,4/24/1981,0RhOX2as
Ava,Wilkins,9983273995,canal40163@drlatvia.com,5/6/1964,oi7RD4av
Ryan,Vaughan,9983278500,hexiyad192@enamelme.com,3/1/1996,Uxug70HB
Evan,Dunn,9983278468,reteda9684@macauvpn.com,4/30/1988,JZ5uH7zo
Jade,Walsh,9298385006,gosadab536@drlatvia.com,12/14/1947,71UdiKzz
Archie,Shepherd,9983273874,lowiril672@enamelme.com,5/29/1945,t6f0q8A9
Jamie,Frost,9561577735,togije4934@drlatvia.com,4/2/1967,WpAyLN0P
Maddison,Lawson,9983278525,daveka8804@macauvpn.com,10/5/1945,8uIe4h1K
Alicia,Hamilton,9561577731,kotolew870@macauvpn.com,12/2/1989,1DKp9ESF
Anna,Wyatt,9561577048,levox52140@drlatvia.com,5/1/1978,FKP1lrcR
Madison,Clements,9563585432,viher33358@drlatvia.com,9/16/1949,Ga7MVdv0
Alice,Butler,9563585415,vedop62986@macauvpn.com,7/2/1942,nch4DHOY
Maisie,Leach,9563585381,xocego6285@enpaypal.com,8/6/1947,tNimQ12i
Lucas,Nicholson,9563585347,dehix19374@enamelme.com,7/6/1949,hGIWN83R
Mollie,Norris,9563584869,jiforoc434@drlatvia.com,2/21/1989,VnTSr9w6
Robert,Franklin,9563584866,bohahip637@enpaypal.com,2/2/1975,tKTtxy8K
Skye,Patel,9563583477,popor63648@enamelme.com,2/9/1992,ApBhQ90A
Tom,Thomas,9664706994,bomad71861@enpaypal.com,1/18/1987,9f1Q73SC
Bradley,Collier,9664706988,vewela1297@macauvpn.com,7/11/1973,kgHoJ9k2
Evie,Lane,9664706978,faseve9480@enamelme.com,11/18/1980,ptb3p8XO
Megan,Hardy,9664706969,tovemi9014@enpaypal.com,,2nYz9iMP
